date,player,typeDesc,description
2021-03-31,Drew Steckenrider,Selected,Seattle Mariners selected the contract of P Drew Steckenrider from Tacoma Rainiers.
2021-05-01,Wyatt Mills,Recalled,Seattle Mariners recalled RHP Wyatt Mills from Tacoma Rainiers.
2021-05-02,Erik Swanson,Recalled,Seattle Mariners recalled RHP Erik Swanson from Tacoma Rainiers.
2021-05-04,Aaron Fletcher,Recalled,Seattle Mariners recalled LHP Aaron Fletcher from Tacoma Rainiers.
2021-05-05,Wyatt Mills,Recalled,Seattle Mariners recalled RHP Wyatt Mills from Tacoma Rainiers.
2021-05-09,JT Chargois,Selected,Seattle Mariners selected the contract of RHP JT Chargois from Tacoma Rainiers.
2021-05-13,,Selected,"Seattle Mariners selected the contract of RHP Logan Gilbert, , ,  and  from Tacoma Rainiers."
2021-05-13,Jarred Kelenic,Selected,Seattle Mariners selected the contract of OF Jarred Kelenic from Tacoma Rainiers.
2021-05-13,Paul Sewald,Selected,Seattle Mariners selected the contract of RHP Paul Sewald from Tacoma Rainiers.
2021-05-14,Donovan Walton,Recalled,Seattle Mariners recalled 2B Donovan Walton from Tacoma Rainiers.
2021-05-14,Jack Mayfield,Recalled,Seattle Mariners recalled 2B Jack Mayfield from Tacoma Rainiers.
2021-05-17,Brady Lail,Selected,Seattle Mariners selected the contract of RHP Brady Lail from Tacoma Rainiers.
2021-05-19,Jack Mayfield,Recalled,Seattle Mariners recalled 2B Jack Mayfield from Tacoma Rainiers.
2021-05-20,José Godoy,Selected,Seattle Mariners selected the contract of C Jose Godoy from Tacoma Rainiers.
2021-05-21,Eric Campbell,Selected,Seattle Mariners selected the contract of 3B Eric Campbell from Tacoma Rainiers.
2021-05-21,Aaron Fletcher,Recalled,Seattle Mariners recalled LHP Aaron Fletcher from Tacoma Rainiers.
2021-05-21,Wyatt Mills,Recalled,Seattle Mariners recalled RHP Wyatt Mills from Tacoma Rainiers.
2021-05-21,Yohan Ramírez,Recalled,Seattle Mariners recalled RHP Yohan Ramirez from Tacoma Rainiers.
2021-05-23,Wyatt Mills,Recalled,Seattle Mariners recalled RHP Wyatt Mills from Tacoma Rainiers.
2021-05-27,Héctor Santiago,Selected,Seattle Mariners selected the contract of LHP Hector Santiago from Tacoma Rainiers.
2021-05-27,Daniel Zamora,Recalled,Seattle Mariners recalled LHP Daniel Zamora from Tacoma Rainiers.
2021-06-01,Travis Blankenhorn,Recalled,Seattle Mariners recalled 3B Travis Blankenhorn from Tacoma Rainiers.
2021-06-01,Taylor Trammell,Recalled,Seattle Mariners recalled LF Taylor Trammell from Tacoma Rainiers.
2021-06-02,Robert Dugger,Recalled,Seattle Mariners recalled RHP Robert Dugger from Tacoma Rainiers.
2021-06-05,Yacksel Ríos,Selected,Seattle Mariners selected the contract of RHP Yacksel Rios from Tacoma Rainiers.
2021-06-08,Dillon Thomas,Selected,Seattle Mariners selected the contract of LF Dillon Thomas from Tacoma Rainiers.
2021-06-12,Yohan Ramírez,Recalled,Seattle Mariners recalled RHP Yohan Ramirez from Tacoma Rainiers.
2021-06-14,Luis Torrens,Recalled,"Seattle Mariners recalled C Luis Torrens,  and  from Tacoma Rainiers."
2021-06-18,Yohan Ramírez,Recalled,Seattle Mariners recalled RHP Yohan Ramirez from Tacoma Rainiers.
2021-06-18,Vinny Nittoli,Selected,Seattle Mariners selected the contract of RHP Vinny Nittoli from Tacoma Rainiers.
2021-06-22,Donovan Walton,Recalled,Seattle Mariners recalled 2B Donovan Walton from Tacoma Rainiers.
2021-06-24,Keynan Middleton,Recalled,Seattle Mariners recalled RHP Keynan Middleton from Tacoma Rainiers.
2021-06-27,Robert Dugger,Recalled,Seattle Mariners recalled RHP Robert Dugger from Tacoma Rainiers.
2021-06-27,Yohan Ramírez,Recalled,Seattle Mariners recalled RHP Yohan Ramirez from Tacoma Rainiers.
2021-07-11,,Selected,"Seattle Mariners selected the contract of C Cal Raleigh,  and  from Tacoma Rainiers."
2021-07-11,Donovan Walton,Recalled,Seattle Mariners recalled 2B Donovan Walton from Tacoma Rainiers.
2021-07-18,Dillon Thomas,Recalled,Seattle Mariners recalled LF Dillon Thomas from Tacoma Rainiers.
2021-07-21,Darren McCaughan,Selected,Seattle Mariners selected the contract of RHP Darren McCaughan from Tacoma Rainiers.
2021-07-22,Donovan Walton,Recalled,Seattle Mariners recalled 2B Donovan Walton from Tacoma Rainiers.
2021-07-25,Ryan Weber,Recalled,Seattle Mariners recalled RHP Ryan Weber from Tacoma Rainiers.
2021-07-30,Wyatt Mills,Recalled,Seattle Mariners recalled RHP Wyatt Mills from Tacoma Rainiers.
2021-08-12,Yohan Ramírez,Recalled,Seattle Mariners recalled RHP Yohan Ramirez from Tacoma Rainiers.
2021-08-20,,Recalled,"Seattle Mariners recalled RHP Yohan Ramirez,  and  from Tacoma Rainiers."
2021-08-21,Robert Dugger,Recalled,Seattle Mariners recalled RHP Robert Dugger from Tacoma Rainiers.
2021-08-28,Wyatt Mills,Recalled,Seattle Mariners recalled RHP Wyatt Mills from Tacoma Rainiers.
2021-08-28,Jimmy Yacabonis,Selected,Seattle Mariners selected the contract of RHP Jimmy Yacabonis from Tacoma Rainiers.
2021-08-30,José Marmolejos,Selected,Seattle Mariners selected the contract of 1B Jose Marmolejos from Tacoma Rainiers.
2021-09-01,Kevin Padlo,Recalled,Seattle Mariners recalled 3B Kevin Padlo from Tacoma Rainiers.
2021-09-09,Kevin Padlo,Recalled,Seattle Mariners recalled 3B Kevin Padlo from Tacoma Rainiers.
2021-09-27,Wyatt Mills,Recalled,Seattle Mariners recalled RHP Wyatt Mills from Tacoma Rainiers.
2021-09-28,,Selected,"Seattle Mariners selected the contract of RHP Matt Brash,  and  from Tacoma Rainiers."
2021-10-02,Donovan Walton,Recalled,Seattle Mariners recalled 2B Donovan Walton from Tacoma Rainiers.
2021-10-05,Kevin Padlo,Recalled,Seattle Mariners recalled 3B Kevin Padlo from Tacoma Rainiers.
2021-10-05,Marcus Wilson,Recalled,Seattle Mariners recalled CF Marcus Wilson from Tacoma Rainiers.
2021-10-05,Darren McCaughan,Recalled,Seattle Mariners recalled RHP Darren McCaughan from Tacoma Rainiers.
2021-10-05,Taylor Trammell,Recalled,Seattle Mariners recalled LF Taylor Trammell from Tacoma Rainiers.
2021-10-05,José Godoy,Recalled,Seattle Mariners recalled C Jose Godoy from Tacoma Rainiers.
2021-10-05,,Recalled,"Seattle Mariners recalled LHP Justus Sheffield,  and  from Tacoma Rainiers."
2021-10-05,Aaron Fletcher,Recalled,Seattle Mariners recalled LHP Aaron Fletcher from Tacoma Rainiers.
2021-10-05,Wyatt Mills,Recalled,Seattle Mariners recalled RHP Wyatt Mills from Tacoma Rainiers.
2021-10-05,Joey Gerber,Recalled,Seattle Mariners recalled RHP Joey Gerber from Tacoma Rainiers.
2021-10-05,Ryan Weber,Recalled,Seattle Mariners recalled RHP Ryan Weber from Tacoma Rainiers.
2021-11-18,Ray Kerr,Selected,Seattle Mariners selected the contract of LHP Ray Kerr from Tacoma Rainiers.
2022-04-07,,Selected,"Seattle Mariners selected the contract of RHP Matthew Festa,  and  from Tacoma Rainiers."
2022-04-13,,Selected,"Seattle Mariners selected the contract of RHP Matt Koch,  and  from Tacoma Rainiers."
2022-04-16,Donovan Walton,Recalled,Seattle Mariners recalled 2B Donovan Walton from Tacoma Rainiers.
2022-04-19,Mike Ford,Selected,Seattle Mariners selected the contract of 1B Mike Ford from Tacoma Rainiers.
2022-04-20,Penn Murfee,Selected,Seattle Mariners selected the contract of RHP Penn Murfee from Tacoma Rainiers.
2022-04-28,Wyatt Mills,Recalled,Seattle Mariners recalled RHP Wyatt Mills from Tacoma Rainiers.
2022-04-28,Penn Murfee,Selected,Seattle Mariners selected the contract of RHP Penn Murfee from Tacoma Rainiers.
2022-04-30,Stuart Fairchild,Recalled,Seattle Mariners recalled OF Stuart Fairchild from Tacoma Rainiers.
2022-05-05,Riley O'Brien,Recalled,Seattle Mariners recalled RHP Riley O'Brien from Tacoma Rainiers.
2022-05-05,Danny Young,Selected,Seattle Mariners selected the contract of LHP Danny Young from Tacoma Rainiers.
2022-05-07,,Recalled,"Seattle Mariners recalled C Cal Raleigh,  and  from Tacoma Rainiers."
2022-05-13,Steven Souza Jr.,Selected,Seattle Mariners selected the contract of RF Steven Souza Jr. from Tacoma Rainiers.
2022-05-13,,Recalled,"Seattle Mariners recalled OF Jarred Kelenic, ,  and  from Tacoma Rainiers."
2022-05-14,Danny Young,Recalled,Seattle Mariners recalled LHP Danny Young from Tacoma Rainiers.
2022-05-16,Roenis Elías,Selected,Seattle Mariners selected the contract of LHP Roenis Elias from Tacoma Rainiers.
2022-05-22,,Recalled,Seattle Mariners recalled LF Taylor Trammell and  from Tacoma Rainiers.
2022-05-22,Sam Haggerty,Selected,Seattle Mariners selected the contract of 2B Sam Haggerty from Tacoma Rainiers.
2022-05-27,Roenis Elías,Selected,Seattle Mariners selected the contract of LHP Roenis Elias from Tacoma Rainiers.
2022-06-17,,Recalled,Seattle Mariners recalled LF Justin Upton and  from Tacoma Rainiers.
2022-06-18,Tommy Milone,Selected,Seattle Mariners selected the contract of LHP Tommy Milone from Tacoma Rainiers.
2022-06-18,Justus Sheffield,Recalled,Seattle Mariners recalled LHP Justus Sheffield from Tacoma Rainiers.
2022-06-20,Kevin Padlo,Recalled,Seattle Mariners recalled 3B Kevin Padlo from Tacoma Rainiers.
2022-06-25,Drew Ellis,Recalled,Seattle Mariners recalled 3B Drew Ellis from Tacoma Rainiers.
2022-06-27,Andrew Knapp,Selected,Seattle Mariners selected the contract of C Andrew Knapp from Tacoma Rainiers.
2022-06-29,,Recalled,Seattle Mariners recalled 2B Sam Haggerty and  from Tacoma Rainiers.
2022-06-29,Marcus Wilson,Selected,Seattle Mariners selected the contract of CF Marcus Wilson from Tacoma Rainiers.
2022-07-09,Matt Brash,Recalled,Seattle Mariners recalled RHP Matt Brash from Tacoma Rainiers.
2022-07-09,Matt Festa,Recalled,Seattle Mariners recalled RHP Matthew Festa from Tacoma Rainiers.
2022-07-09,Jacob Barnes,Selected,Seattle Mariners selected the contract of RHP Jacob Barnes from Tacoma Rainiers.
2022-07-13,Danny Young,Recalled,Seattle Mariners recalled LHP Danny Young from Tacoma Rainiers.
2022-07-15,Kevin Padlo,Recalled,Seattle Mariners recalled 3B Kevin Padlo from Tacoma Rainiers.
2022-07-26,,Recalled,"Seattle Mariners recalled RHP George Kirby,  and  from Tacoma Rainiers."
2022-07-28,,Recalled,"Seattle Mariners recalled RHP Matt Brash,  and  from Tacoma Rainiers."
2022-07-30,Brennan Bernardino,Selected,Seattle Mariners selected the contract of LHP Brennan Bernardino from Tacoma Rainiers.
2022-08-06,Brennan Bernardino,Recalled,Seattle Mariners recalled LHP Brennan Bernardino from Tacoma Rainiers.
2022-08-09,Brennan Bernardino,Recalled,Seattle Mariners recalled LHP Brennan Bernardino from Tacoma Rainiers.
2022-08-10,,Recalled,Seattle Mariners recalled OF Jarred Kelenic and  from Tacoma Rainiers.
2022-08-30,Abraham Toro,Recalled,Seattle Mariners recalled 3B Abraham Toro from Tacoma Rainiers.
2022-09-01,Taylor Trammell,Recalled,Seattle Mariners recalled LF Taylor Trammell from Tacoma Rainiers.
2022-09-21,Luis Torrens,Selected,Seattle Mariners selected the contract of C Luis Torrens from Tacoma Rainiers.
2022-09-21,,Recalled,"Seattle Mariners recalled OF Jarred Kelenic, , ,  and  from Tacoma Rainiers."
2022-09-23,Taylor Trammell,Recalled,Seattle Mariners recalled LF Taylor Trammell from Tacoma Rainiers.
2022-09-30,Brian O'Keefe,Selected,Seattle Mariners selected the contract of C Brian O'Keefe from Tacoma Rainiers.
2022-10-04,Abraham Toro,Recalled,Seattle Mariners recalled 3B Abraham Toro from Tacoma Rainiers.
2022-10-04,Justus Sheffield,Recalled,Seattle Mariners recalled LHP Justus Sheffield from Tacoma Rainiers.
2022-10-05,Taylor Trammell,Recalled,Seattle Mariners recalled LF Taylor Trammell from Tacoma Rainiers.
2022-10-06,Drew Ellis,Recalled,Seattle Mariners recalled 3B Drew Ellis from Tacoma Rainiers.
2022-10-06,Derek Hill,Recalled,Seattle Mariners recalled CF Derek Hill from Tacoma Rainiers.
2022-10-06,Evan White,Recalled,Seattle Mariners recalled 1B Evan White from Tacoma Rainiers.
2022-10-06,Brian O'Keefe,Recalled,Seattle Mariners recalled C Brian O'Keefe from Tacoma Rainiers.
2022-10-06,Kyle Lewis,Recalled,Seattle Mariners recalled CF Kyle Lewis from Tacoma Rainiers.
2022-10-06,Justus Sheffield,Recalled,Seattle Mariners recalled LHP Justus Sheffield from Tacoma Rainiers.
2022-10-06,Brennan Bernardino,Recalled,Seattle Mariners recalled LHP Brennan Bernardino from Tacoma Rainiers.
2022-11-14,Cade Marlowe,Selected,Seattle Mariners selected the contract of LF Cade Marlowe from Tacoma Rainiers.
2023-04-01,,Recalled,"Seattle Mariners recalled LHP Gabe Speier,  and  from Tacoma Rainiers."
2023-04-09,,Recalled,"Seattle Mariners recalled RHP Justin Topa,  and  from Tacoma Rainiers."
2023-04-09,J.B. Bukauskas,Selected,Seattle Mariners selected the contract of RHP J.B. Bukauskas from Tacoma Rainiers.
2023-04-09,Evan White,Recalled,Seattle Mariners recalled 1B Evan White from Tacoma Rainiers.
2023-04-10,José Rodríguez,Selected,Seattle Mariners selected the contract of RHP José Rodriguez from Tacoma Rainiers.
2023-04-12,,Selected,"Seattle Mariners selected the contract of RHP Darren McCaughan,  and  from Tacoma Rainiers."
2023-04-14,,Selected,Seattle Mariners selected the contract of LHP Tommy Milone and  from Tacoma Rainiers.
2023-04-15,José Caballero,Selected,Seattle Mariners selected the contract of SS Jose Caballero from Tacoma Rainiers.
2023-04-18,Tayler Saucedo,Recalled,Seattle Mariners recalled LHP Tayler Saucedo from Tacoma Rainiers.
2023-04-29,Easton McGee,Recalled,Seattle Mariners recalled RHP Easton McGee from Tacoma Rainiers.
2023-05-30,Darren McCaughan,Recalled,Seattle Mariners recalled RHP Darren McCaughan from Tacoma Rainiers.
2023-05-31,Matt Festa,Recalled,Seattle Mariners recalled RHP Matt Festa from Tacoma Rainiers.
2023-06-02,Mike Ford,Selected,Seattle Mariners selected the contract of 1B Mike Ford from Tacoma Rainiers.
2023-07-03,Darren McCaughan,Recalled,Seattle Mariners recalled RHP Darren McCaughan from Tacoma Rainiers.
2023-07-03,Matt Festa,Recalled,Seattle Mariners recalled RHP Matt Festa from Tacoma Rainiers.
2023-07-05,Tommy Milone,Selected,Seattle Mariners selected the contract of LHP Tommy Milone from Tacoma Rainiers.
2023-07-20,Cade Marlowe,Recalled,Seattle Mariners recalled LF Cade Marlowe from Tacoma Rainiers.
2023-07-22,Taylor Trammell,Recalled,Seattle Mariners recalled LF Taylor Trammell from Tacoma Rainiers.
2023-07-31,Juan Then,Recalled,Seattle Mariners recalled RHP Juan Then from Tacoma Rainiers.
2023-08-01,Trent Thornton,Recalled,Seattle Mariners recalled RHP Trent Thornton from Tacoma Rainiers.
2023-08-03,Ryder Ryan,Selected,Seattle Mariners selected the contract of RHP Ryder Ryan from Tacoma Rainiers.
2023-08-08,Ryder Ryan,Recalled,Seattle Mariners recalled RHP Ryder Ryan from Tacoma Rainiers.
2023-08-11,Sam Haggerty,Recalled,Seattle Mariners recalled 2B Sam Haggerty from Tacoma Rainiers.
2023-08-16,Brian O'Keefe,Selected,Seattle Mariners selected the contract of C Brian O'Keefe from Tacoma Rainiers.
2023-08-17,Eduard Bazardo,Recalled,Seattle Mariners recalled RHP Eduard Bazardo from Tacoma Rainiers.
2023-08-21,Darren McCaughan,Recalled,Seattle Mariners recalled RHP Darren McCaughan from Tacoma Rainiers.
2023-09-01,Sam Haggerty,Recalled,Seattle Mariners recalled 2B Sam Haggerty from Tacoma Rainiers.
2023-09-10,Eduard Bazardo,Recalled,Seattle Mariners recalled RHP Eduard Bazardo from Tacoma Rainiers.
2023-09-12,Luis Torrens,Selected,Seattle Mariners selected the contract of C Luis Torrens from Tacoma Rainiers.
2023-10-02,Ryder Ryan,Recalled,Seattle Mariners recalled RHP Ryder Ryan from Tacoma Rainiers.
2023-10-02,Adam Oller,Recalled,Seattle Mariners recalled RHP Adam Oller from Tacoma Rainiers.
2023-10-02,Darren McCaughan,Recalled,Seattle Mariners recalled RHP Darren McCaughan from Tacoma Rainiers.
2023-10-02,Brian O'Keefe,Recalled,Seattle Mariners recalled C Brian O'Keefe from Tacoma Rainiers.
2023-10-02,Cooper Hummel,Recalled,Seattle Mariners recalled C Cooper Hummel from Tacoma Rainiers.
2023-10-02,Cade Marlowe,Recalled,Seattle Mariners recalled LF Cade Marlowe from Tacoma Rainiers.
2023-10-02,Ryan Jensen,Recalled,Seattle Mariners recalled RHP Ryan Jensen from Tacoma Rainiers.
2023-10-02,Taylor Trammell,Recalled,Seattle Mariners recalled LF Taylor Trammell from Tacoma Rainiers.
2023-11-14,Zach DeLoach,Selected,Seattle Mariners selected the contract of OF Zach DeLoach from Tacoma Rainiers.
2024-03-28,Emerson Hancock,Recalled,Seattle Mariners recalled RHP Emerson Hancock from Tacoma Rainiers.
2024-04-05,Samad Taylor,Recalled,Seattle Mariners recalled 2B Samad Taylor from Tacoma Rainiers.
2024-04-08,Brett de Geus,Selected,Seattle Mariners selected the contract of RHP Brett de Geus from Tacoma Rainiers.
2024-04-08,Tyson Miller,Selected,Seattle Mariners selected the contract of RHP Tyson Miller from Tacoma Rainiers.
2024-04-15,Jonatan Clase,Recalled,Seattle Mariners recalled OF Jonatan Clase from Tacoma Rainiers.
2024-04-25,Leo Rivas,Selected,Seattle Mariners selected the contract of SS Leo Rivas from Tacoma Rainiers.
2024-04-29,Sam Haggerty,Recalled,Seattle Mariners recalled 2B Sam Haggerty from Tacoma Rainiers.
2024-05-08,Kirby Snead,Selected,Seattle Mariners selected the contract of LHP Kirby Snead from Tacoma Rainiers.
2024-05-22,Jhonathan Díaz,Selected,Seattle Mariners selected the contract of LHP Jhonathan Diaz from Tacoma Rainiers.
2024-05-24,Jonatan Clase,Recalled,Seattle Mariners recalled OF Jonatan Clase from Tacoma Rainiers.
2024-05-27,Sam Haggerty,Recalled,Seattle Mariners recalled 2B Sam Haggerty from Tacoma Rainiers.
2024-05-27,Ryan Bliss,Selected,Seattle Mariners selected the contract of SS Ryan Bliss from Tacoma Rainiers.
2024-06-01,Collin Snider,Recalled,Seattle Mariners recalled RHP Collin Snider from Tacoma Rainiers.
2024-06-09,Tyler Locklear,Selected,Seattle Mariners selected the contract of 3B Tyler Locklear from Tacoma Rainiers.
2024-06-09,Matt Bowman,Selected,Seattle Mariners selected the contract of RHP Matt Bowman from Tacoma Rainiers.
2024-06-10,Leo Rivas,Recalled,Seattle Mariners recalled SS Leo Rivas from Tacoma Rainiers.
2024-06-11,Eduard Bazardo,Recalled,Seattle Mariners recalled RHP Eduard Bazardo from Tacoma Rainiers.
2024-06-11,Jhonathan Díaz,Recalled,Seattle Mariners recalled LHP Jhonathan Diaz from Tacoma Rainiers.
2024-06-12,Brett de Geus,Recalled,Seattle Mariners recalled RHP Brett de Geus from Tacoma Rainiers.
2024-06-13,Emerson Hancock,Recalled,Seattle Mariners recalled RHP Emerson Hancock from Tacoma Rainiers.
2024-06-14,Cody Bolton,Recalled,Seattle Mariners recalled RHP Cody Bolton from Tacoma Rainiers.
2024-06-25,Collin Snider,Recalled,Seattle Mariners recalled RHP Collin Snider from Tacoma Rainiers.
2024-06-28,Jhonathan Díaz,Recalled,Seattle Mariners recalled LHP Jhonathan Diaz from Tacoma Rainiers.
2024-07-02,Seby Zavala,Selected,Seattle Mariners selected the contract of C Seby Zavala from Tacoma Rainiers.
2024-07-06,Emerson Hancock,Recalled,Seattle Mariners recalled RHP Emerson Hancock from Tacoma Rainiers.
2024-07-10,Jonatan Clase,Recalled,Seattle Mariners recalled OF Jonatan Clase from Tacoma Rainiers.
2024-07-22,Jason Vosler,Selected,Seattle Mariners selected the contract of 3B Jason Vosler from Tacoma Rainiers.
2024-07-23,Tyler Locklear,Recalled,Seattle Mariners recalled 3B Tyler Locklear from Tacoma Rainiers.
2024-07-23,Leo Rivas,Recalled,Seattle Mariners recalled SS Leo Rivas from Tacoma Rainiers.
2024-07-23,Jonatan Clase,Recalled,Seattle Mariners recalled OF Jonatan Clase from Tacoma Rainiers.
2024-07-23,Cade Marlowe,Recalled,Seattle Mariners recalled LF Cade Marlowe from Tacoma Rainiers.
2024-07-30,Jhonathan Díaz,Recalled,Seattle Mariners recalled LHP Jhonathan Diaz from Tacoma Rainiers.
2024-08-07,Ryan Bliss,Recalled,Seattle Mariners recalled SS Ryan Bliss from Tacoma Rainiers.
2024-08-08,Eduard Bazardo,Recalled,Seattle Mariners recalled RHP Eduard Bazardo from Tacoma Rainiers.
2024-08-23,Gabe Speier,Recalled,Seattle Mariners recalled LHP Gabe Speier from Tacoma Rainiers.
2024-08-31,Luis Urías,Selected,Seattle Mariners selected the contract of 3B Luis Urías from Tacoma Rainiers.
2024-09-01,Eduard Bazardo,Recalled,Seattle Mariners recalled RHP Eduard Bazardo from Tacoma Rainiers.
2024-09-01,Jhonathan Díaz,Recalled,Seattle Mariners recalled LHP Jhonathan Diaz from Tacoma Rainiers.
2024-09-10,Seby Zavala,Selected,Seattle Mariners selected the contract of C Seby Zavala from Tacoma Rainiers.
2024-09-13,Emerson Hancock,Recalled,Seattle Mariners recalled RHP Emerson Hancock from Tacoma Rainiers.
2024-09-22,Gabe Speier,Recalled,Seattle Mariners recalled LHP Gabe Speier from Tacoma Rainiers.
2024-09-28,Emerson Hancock,Recalled,Seattle Mariners recalled RHP Emerson Hancock from Tacoma Rainiers.
2024-10-01,Cade Marlowe,Recalled,Seattle Mariners recalled LF Cade Marlowe from Tacoma Rainiers.
2024-10-01,Carlos Vargas,Recalled,Seattle Mariners recalled RHP Carlos Vargas from Tacoma Rainiers.
2024-10-01,Samad Taylor,Recalled,Seattle Mariners recalled 2B Samad Taylor from Tacoma Rainiers.
2024-10-01,Austin Kitchen,Recalled,Seattle Mariners recalled LHP Austin Kitchen from Tacoma Rainiers.
2024-10-01,Ryan Bliss,Recalled,Seattle Mariners recalled 2B Ryan Bliss from Tacoma Rainiers.
2024-10-01,Tyler Locklear,Recalled,Seattle Mariners recalled 1B Tyler Locklear from Tacoma Rainiers.
2024-10-01,Dominic Canzone,Recalled,Seattle Mariners recalled RF Dominic Canzone from Tacoma Rainiers.
2024-10-01,Cody Bolton,Recalled,Seattle Mariners recalled RHP Cody Bolton from Tacoma Rainiers.
2024-11-04,Blas Castaño,Selected,Seattle Mariners selected the contract of RHP Blas Castano from Tacoma Rainiers.
2025-03-25,Rowdy Tellez,Selected,Seattle Mariners selected the contract of 1B Rowdy Tellez from Tacoma Rainiers.
2025-04-01,Leo Rivas,Recalled,Seattle Mariners recalled SS Leo Rivas from Tacoma Rainiers.
2025-04-01,Jhonathan Díaz,Selected,Seattle Mariners selected the contract of LHP Jhonathan Díaz from Tacoma Rainiers.
2025-04-04,Luis F. Castillo,Selected,Seattle Mariners selected the contract of RHP Luis F. Castillo from Tacoma Rainiers.
2025-04-05,Jesse Hahn,Selected,Seattle Mariners selected the contract of RHP Jesse Hahn from Tacoma Rainiers.
2025-04-07,Dominic Canzone,Recalled,Seattle Mariners recalled RF Dominic Canzone from Tacoma Rainiers.
2025-04-09,Leo Rivas,Recalled,Seattle Mariners recalled SS Leo Rivas from Tacoma Rainiers.
2025-04-09,Casey Lawrence,Selected,Seattle Mariners selected the contract of RHP Casey Lawrence from Tacoma Rainiers.
2025-04-11,Casey Legumina,Recalled,Seattle Mariners recalled RHP Casey Legumina from Tacoma Rainiers.
2025-04-13,Ben Williamson,Selected,Seattle Mariners selected the contract of 3B Ben Williamson from Tacoma Rainiers.
2025-04-16,Will Klein,Recalled,Seattle Mariners recalled RHP Will Klein from Tacoma Rainiers.
2025-04-17,Emerson Hancock,Recalled,Seattle Mariners recalled RHP Emerson Hancock from Tacoma Rainiers.
2025-04-18,Casey Lawrence,Selected,Seattle Mariners selected the contract of RHP Casey Lawrence from Tacoma Rainiers.
2025-04-20,Sauryn Lao,Selected,Seattle Mariners selected the contract of RHP Sauryn Lao from Tacoma Rainiers.
2025-04-23,Casey Lawrence,Selected,Seattle Mariners selected the contract of RHP Casey Lawrence from Tacoma Rainiers.
2025-04-26,Troy Taylor,Recalled,Seattle Mariners recalled RHP Troy Taylor from Tacoma Rainiers.
2025-04-26,Tayler Saucedo,Recalled,Seattle Mariners recalled LHP Tayler Saucedo from Tacoma Rainiers.
2025-04-27,Logan Evans,Selected,Seattle Mariners selected the contract of RHP Logan Evans from Tacoma Rainiers.
2025-04-29,Samad Taylor,Selected,Seattle Mariners selected the contract of 2B Samad Taylor from Tacoma Rainiers.
2025-04-30,Rhylan Thomas,Selected,Seattle Mariners selected the contract of LF Rhylan Thomas from Tacoma Rainiers.
2025-05-09,Troy Taylor,Recalled,Seattle Mariners recalled RHP Troy Taylor from Tacoma Rainiers.
2025-05-14,Jhonathan Díaz,Recalled,Seattle Mariners recalled LHP Jhonathan Díaz from Tacoma Rainiers.
2025-05-20,Casey Lawrence,Selected,Seattle Mariners selected the contract of RHP Casey Lawrence from Tacoma Rainiers.
2025-05-21,Jesse Hahn,Selected,Seattle Mariners selected the contract of RHP Jesse Hahn from Tacoma Rainiers.
2025-05-23,Blas Castaño,Recalled,Seattle Mariners recalled RHP Blas Castano from Tacoma Rainiers.
2025-05-31,Cole Young,Selected,Seattle Mariners selected the contract of SS Cole Young from Tacoma Rainiers.
2025-06-04,Casey Legumina,Recalled,Seattle Mariners recalled RHP Casey Legumina from Tacoma Rainiers.
2025-06-09,Dominic Canzone,Recalled,Seattle Mariners recalled RF Dominic Canzone from Tacoma Rainiers.
2025-06-10,Logan Evans,Recalled,Seattle Mariners recalled RHP Logan Evans from Tacoma Rainiers.
2025-06-13,Zach Pop,Selected,Seattle Mariners selected the contract of RHP Zach Pop from Tacoma Rainiers.
2025-06-28,Juan Burgos,Selected,Seattle Mariners selected the contract of RHP Juan Burgos from Tacoma Rainiers.
2025-07-02,Joe Jacques,Selected,Seattle Mariners selected the contract of LHP Joe Jacques from Tacoma Rainiers.
2025-07-03,Logan Evans,Recalled,Seattle Mariners recalled RHP Logan Evans from Tacoma Rainiers.
2025-07-11,Tayler Saucedo,Recalled,Seattle Mariners recalled LHP Tayler Saucedo from Tacoma Rainiers.
2025-07-21,Brandyn Garcia,Selected,Seattle Mariners selected the contract of LHP Brandyn Garcia from Tacoma Rainiers.
2025-07-24,Jackson Kowar,Recalled,Seattle Mariners recalled RHP Jackson Kowar from Tacoma Rainiers.
2025-07-30,Tyler Locklear,Recalled,Seattle Mariners recalled 1B Tyler Locklear from Tacoma Rainiers.
2025-07-31,Miles Mastrobuoni,Recalled,Seattle Mariners recalled 3B Miles Mastrobuoni from Tacoma Rainiers.
2025-08-01,Jackson Kowar,Recalled,Seattle Mariners recalled RHP Jackson Kowar from Tacoma Rainiers.
2025-08-15,Tayler Saucedo,Recalled,Seattle Mariners recalled LHP Tayler Saucedo from Tacoma Rainiers.
2025-08-17,Miles Mastrobuoni,Recalled,Seattle Mariners recalled 3B Miles Mastrobuoni from Tacoma Rainiers.
2025-08-19,Sauryn Lao,Selected,Seattle Mariners selected the contract of RHP Sauryn Lao from Tacoma Rainiers.
2025-08-27,Emerson Hancock,Recalled,Seattle Mariners recalled RHP Emerson Hancock from Tacoma Rainiers.
2025-09-01,Harry Ford,Selected,Seattle Mariners selected the contract of C Harry Ford from Tacoma Rainiers.
2025-09-01,Leo Rivas,Recalled,Seattle Mariners recalled 2B Leo Rivas from Tacoma Rainiers.
2025-09-01,Luke Jackson,Selected,Seattle Mariners selected the contract of RHP Luke Jackson from Tacoma Rainiers.
2025-09-12,Casey Legumina,Recalled,Seattle Mariners recalled RHP Casey Legumina from Tacoma Rainiers.
2025-09-28,Miles Mastrobuoni,Recalled,Seattle Mariners recalled 3B Miles Mastrobuoni from Tacoma Rainiers.
2025-09-29,Rhylan Thomas,Recalled,Seattle Mariners recalled LF Rhylan Thomas from Tacoma Rainiers.
2025-09-29,Tayler Saucedo,Recalled,Seattle Mariners recalled LHP Tayler Saucedo from Tacoma Rainiers.
2025-09-29,Domingo Gonzalez,Recalled,Seattle Mariners recalled RHP Domingo Gonzalez from Tacoma Rainiers.
2025-09-29,Samad Taylor,Recalled,Seattle Mariners recalled 2B Samad Taylor from Tacoma Rainiers.
2025-09-29,Troy Taylor,Recalled,Seattle Mariners recalled RHP Troy Taylor from Tacoma Rainiers.
2025-09-29,Jhonathan Díaz,Recalled,Seattle Mariners recalled LHP Jhonathan Díaz from Tacoma Rainiers.
2025-09-29,Blas Castaño,Recalled,Seattle Mariners recalled RHP Blas Castaño from Tacoma Rainiers.
2025-09-29,Ben Williamson,Recalled,Seattle Mariners recalled 3B Ben Williamson from Tacoma Rainiers.
2026-03-25,Mitch Garver,Selected,Seattle Mariners selected the contract of C Mitch Garver from Tacoma Rainiers.
2026-03-27,Cole Wilcox,Recalled,Seattle Mariners recalled RHP Cole Wilcox from Tacoma Rainiers.
2026-03-31,Colt Emerson,Selected,Seattle Mariners selected the contract of SS Colt Emerson from Tacoma Rainiers.
2026-04-08,Connor Joe,Selected,Seattle Mariners selected the contract of RF Connor Joe from Tacoma Rainiers.
2026-04-14,Patrick Wisdom,Selected,Seattle Mariners selected the contract of 1B Patrick Wisdom from Tacoma Rainiers.
2026-04-20,Will Wilson,Selected,Seattle Mariners selected the contract of 3B Will Wilson from Tacoma Rainiers.
2026-04-21,Alex Hoppe,Recalled,Seattle Mariners recalled RHP Alex Hoppe from Tacoma Rainiers.
2026-05-01,Josh Simpson,Recalled,Seattle Mariners recalled LHP Josh Simpson from Tacoma Rainiers.
2026-05-02,Jhonny Pereda,Recalled,Seattle Mariners recalled C Jhonny Pereda from Tacoma Rainiers.
2026-05-04,Josh Simpson,Recalled,Seattle Mariners recalled LHP Josh Simpson from Tacoma Rainiers.
2026-05-11,Domingo Gonzalez,Recalled,Seattle Mariners recalled RHP Domingo Gonzalez from Tacoma Rainiers.
2026-05-14,Jhonny Pereda,Recalled,Seattle Mariners recalled C Jhonny Pereda from Tacoma Rainiers.
2026-05-17,Colt Emerson,Recalled,Seattle Mariners recalled SS Colt Emerson from Tacoma Rainiers.
2026-05-18,Robinson Ortiz,Recalled,Seattle Mariners recalled LHP Robinson Ortiz from Tacoma Rainiers.
2026-05-18,Brennen Davis,Selected,Seattle Mariners selected the contract of CF Brennen Davis from Tacoma Rainiers.
2026-06-08,Ryan Bliss,Recalled,Seattle Mariners recalled 2B Ryan Bliss from Tacoma Rainiers.
2026-06-09,Nick Davila,Recalled,Seattle Mariners recalled RHP Nick Davila from Tacoma Rainiers.
2026-06-10,Domingo Gonzalez,Recalled,Seattle Mariners recalled RHP Domingo Gonzalez from Tacoma Rainiers.
2026-06-11,Michael Rucker,Selected,Seattle Mariners selected the contract of RHP Michael Rucker from Tacoma Rainiers.
2026-06-17,Connor Joe,Recalled,Seattle Mariners recalled RF Connor Joe from Tacoma Rainiers.
2026-06-19,Weston Wilson,Selected,Seattle Mariners selected the contract of 3B Weston Wilson from Tacoma Rainiers.
2026-06-27,Josh Simpson,Recalled,Seattle Mariners recalled LHP Josh Simpson from Tacoma Rainiers.
2026-06-30,Cole Wilcox,Recalled,Seattle Mariners recalled RHP Cole Wilcox from Tacoma Rainiers.
2026-07-03,Miles Mastrobuoni,Selected,Seattle Mariners selected the contract of 3B Miles Mastrobuoni from Tacoma Rainiers.
2026-07-26,Alex Hoppe,Recalled,Seattle Mariners recalled RHP Alex Hoppe from Tacoma Rainiers.
2026-07-31,Leo Rivas,Recalled,Seattle Mariners recalled 3B Leo Rivas from Tacoma Rainiers.
2026-08-01,Stuart Fairchild,Selected,Seattle Mariners selected the contract of CF Stuart Fairchild from Tacoma Rainiers.
2026-08-02,Josh Simpson,Recalled,Seattle Mariners recalled LHP Josh Simpson from Tacoma Rainiers.
2026-08-04,Jhonny Pereda,Recalled,Seattle Mariners recalled C Jhonny Pereda from Tacoma Rainiers.
2026-08-07,Nick Davila,Recalled,Seattle Mariners recalled RHP Nick Davila from Tacoma Rainiers.
2026-08-14,Brock Rodden,Selected,Seattle Mariners selected the contract of 2B Brock Rodden from Tacoma Rainiers.
2026-08-19,Jhonathan Díaz,Selected,Seattle Mariners selected the contract of LHP Jhonathan Díaz from Tacoma Rainiers.
2026-08-23,Patrick Wisdom,Recalled,Seattle Mariners recalled 3B Patrick Wisdom from Tacoma Rainiers.
2026-08-30,Nick Davila,Recalled,Seattle Mariners recalled RHP Nick Davila from Tacoma Rainiers.
2026-09-01,Lazaro Montes,Selected,Seattle Mariners selected the contract of RF Lazaro Montes from Tacoma Rainiers.
2026-09-03,Brennen Davis,Recalled,Seattle Mariners recalled CF Brennen Davis from Tacoma Rainiers.
2026-09-03,Stuart Fairchild,Selected,Seattle Mariners selected the contract of CF Stuart Fairchild from Tacoma Rainiers.
2026-09-04,Troy Taylor,Recalled,Seattle Mariners recalled RHP Troy Taylor from Tacoma Rainiers.
2026-09-06,Michael Arroyo,Selected,Seattle Mariners selected the contract of SS Michael Arroyo from Tacoma Rainiers.
